{
  "code": 0,
  "msg": "获取成功",
  "data": {
    "list": [
      { "id": 1, "name": "用户管理", "pid": 0 },
      { "id": 2, "name": "用户组管理", "pid": 0 },
      { "id": 3, "name": "角色管理", "pid": 2 },
      { "id": 4, "name": "添加角色", "pid":  3},
      { "id": 5, "name": "角色列表", "pid": 3 },
      { "id": 6, "name": "管理员管理", "pid": 0 },
      { "id": 7, "name": "添加管理员", "pid": 6 },
      { "id": 8, "name": "管理员列表", "pid": 6 }
    ],
    "checkedId": [ 1,  2, 3, 4 ],
    "disabledId": [ 7, 8 ]
  }
}